10,3,55,37,0,4,0,7,1,2,2,52,0,0,3,5,9,14,3,6,1,32,124,28,398,0,--
8,5,39,34,2,4,0,5,0,3,1,69,2,0,3,3,5,16,7,2,0,43,0,21,272,1,--
7,6,41,23,0,6,0,10,0,2,2,45,0,0,0,1,8,9,1,7,0,31,0,16,215,0,--
4,1,27,18,0,1,0,5,0,0,2,62,2,1,3,2,6,8,2,3,0,24,0,13,184,0,--
16,1,25,21,0,5,0,4,0,0,4,74,0,0,4,2,6,12,11,5,0,21,0,27,238,0,--
16,4,34,21,1,1,0,4,1,1,6,45,1,0,1,5,3,11,5,7,1,31,1,28,228,0,--
14,5,34,21,0,5,0,3,1,1,2,60,0,0,3,6,4,6,13,4,0,26,0,23,231,0,--
17,4,35,18,1,4,1,4,0,0,3,68,0,1,4,2,3,8,8,6,0,20,1,29,237,0,--
14,4,35,21,1,4,0,1,2,2,4,70,0,0,3,6,5,10,7,2,0,30,0,20,241,0,--
12,4,38,22,1,5,0,2,0,4,5,50,0,1,6,3,2,12,18,5,1,21,0,25,237,0,--
12,5,35,22,0,6,1,3,0,2,4,81,0,0,6,4,9,9,4,9,1,39,0,18,270,0,--
9,2,27,21,1,5,0,2,1,3,2,86,2,1,4,7,1,19,7,3,2,28,0,24,257,0,--
13,3,26,19,0,6,0,8,1,2,5,57,1,0,3,3,3,13,3,8,1,30,1,33,239,0,--
7,2,41,14,1,6,0,6,1,2,3,73,0,1,2,6,3,14,11,1,1,30,2,33,260,0,--
9,3,40,23,1,6,0,2,0,2,4,76,0,0,0,4,6,12,13,5,0,34,3,38,281,0,--
13,4,32,22,0,1,0,4,2,2,3,77,0,1,4,3,3,15,3,8,0,35,0,38,270,0,--
11,1,43,24,0,2,1,3,0,7,3,66,1,1,6,2,4,19,8,8,0,26,4,28,268,0,--
13,2,33,21,0,3,1,4,0,3,8,57,0,0,5,6,6,15,11,2,0,25,2,30,247,0,--
10,5,37,17,0,5,0,5,0,2,3,40,0,1,5,4,3,17,6,8,0,30,0,27,225,0,--
15,4,36,17,1,4,0,5,0,4,6,62,1,3,5,6,5,19,12,8,0,29,0,28,270,0,--
9,3,45,22,0,3,0,3,0,1,2,91,2,1,3,5,5,11,7,5,1,30,0,23,272,0,--
20,3,32,35,1,4,0,6,1,0,7,73,0,0,3,9,2,14,2,10,0,29,0,25,276,0,--
20,4,36,13,1,8,1,0,1,2,2,69,1,1,1,4,8,17,4,5,2,22,0,24,246,0,--
16,2,31,17,1,5,1,3,1,3,5,66,0,1,4,6,3,13,7,4,1,29,1,36,256,0,--
9,1,25,14,2,2,0,1,0,3,2,98,1,1,3,2,2,12,6,2,0,32,0,23,241,0,--
3,2,22,10,0,3,0,1,0,1,7,94,0,0,1,5,1,22,10,4,0,31,0,22,239,1,--
9,1,16,14,0,2,0,2,0,0,3,96,0,0,4,2,1,19,7,2,0,35,0,19,232,0,--
18,1,30,15,1,2,0,6,2,2,5,58,1,0,6,2,1,15,8,3,0,23,3,23,225,0,--
12,2,27,25,1,4,0,4,0,2,2,56,1,0,5,5,3,11,10,4,0,27,0,26,227,0,--
9,3,26,19,2,3,1,1,1,1,3,75,2,1,4,3,0,18,10,1,0,34,0,29,246,0,--
10,5,31,16,1,1,1,2,0,0,2,83,0,0,2,6,6,14,13,7,1,28,1,24,254,0,--
17,9,34,14,0,1,0,1,1,4,3,63,1,0,5,6,5,11,14,6,0,17,1,29,242,158,--
11,4,31,18,1,11,--,3,--,2,2,62,--,1,2,4,1,14,7,3,--,27,--,22,226,--,--
6,1,34,19,1,6,1,0,1,1,4,64,0,0,4,3,5,12,9,5,0,31,0,32,239,0,--
12,1,36,13,0,2,0,5,0,3,3,79,0,1,2,2,2,17,5,4,1,30,0,9,227,0,--
6,1,41,18,0,4,1,5,2,2,5,72,0,0,1,6,1,18,11,2,0,30,0,19,245,0,0
10,2,34,26,0,5,0,4,0,3,2,81,0,0,4,7,2,19,4,5,1,33,0,23,265,--,0
17,7,22,15,1,5,1,2,0,2,3,71,1,2,7,2,0,15,4,4,0,25,1,19,226,0,--
9,4,40,16,1,3,0,6,1,4,1,66,2,0,0,4,2,10,7,4,0,23,1,24,228,0,--
10,2,38,27,0,6,1,6,1,6,3,80,1,0,2,6,4,17,6,4,1,28,--,25,274,1,--
6,6,31,25,0,3,0,4,1,5,2,90,1,0,1,5,1,8,13,5,0,33,0,20,260,0,--
11,4,32,20,0,1,0,5,1,2,4,68,0,0,7,3,2,12,6,4,0,30,2,18,232,1,--
11,2,34,15,1,3,1,3,0,3,4,83,1,0,2,4,3,8,6,9,0,38,--,18,249,--,--
11,--,31,22,--,8,--,5,1,--,2,63,2,--,6,1,1,11,11,7,--,24,1,40,247,--,--
13,0,45,15,1,2,1,8,2,1,4,72,1,0,7,5,5,14,6,3,0,38,0,24,267,0,--
5,6,32,20,0,4,0,0,0,3,2,68,2,0,1,5,1,20,11,9,1,50,0,33,273,0,--
13,4,30,21,0,2,2,3,1,3,4,61,0,2,0,5,1,15,4,5,0,30,2,29,237,0,--
14,1,32,15,0,6,1,7,1,1,4,71,0,0,6,0,5,15,12,4,0,34,0,26,255,0,--
19,2,25,23,1,5,0,1,0,3,4,61,0,0,7,3,4,12,14,5,0,24,0,23,236,0,--
18,5,30,28,0,5,0,2,1,4,5,64,0,0,3,4,5,8,15,3,0,27,4,23,254,0,--
10,7,37,16,0,7,0,1,0,6,2,71,2,1,6,5,2,16,12,2,0,28,1,24,256,0,--
18,2,36,21,1,6,1,5,2,4,4,70,2,0,2,5,5,7,8,6,0,26,2,22,255,0,--
16,4,30,16,0,7,1,4,0,4,1,67,0,0,2,6,3,13,9,4,0,43,1,22,253,0,--
12,2,35,23,0,6,1,5,0,1,6,64,1,0,1,5,4,16,10,4,0,34,1,40,271,0,--
16,4,40,19,0,6,0,2,1,2,1,69,1,0,2,2,2,11,10,3,1,31,2,22,247,0,1
9,3,32,16,0,2,0,2,1,2,6,70,1,1,2,0,3,12,4,2,1,41,0,24,234,0,--
10,8,33,21,0,6,0,6,1,1,3,63,0,0,5,7,3,15,8,7,1,28,1,20,247,0,--
10,3,35,16,0,4,0,6,0,2,2,70,0,3,7,8,3,6,6,3,0,34,1,31,250,0,--
12,5,24,25,1,3,0,5,0,4,5,63,0,1,3,6,3,18,8,4,1,21,2,27,241,0,--
12,3,38,20,1,3,1,5,0,3,2,85,1,1,2,1,1,12,5,0,0,22,0,23,241,0,--
17,2,33,21,1,5,1,4,0,2,3,60,1,0,0,2,2,13,7,3,2,22,0,25,226,0,--
17,4,22,15,0,6,1,4,1,1,1,66,0,1,2,7,1,10,8,2,1,22,0,30,222,0,0
12,3,28,22,0,2,1,3,1,0,2,71,1,0,3,3,6,18,9,4,1,22,0,21,233,0,--
19,3,36,16,0,4,0,3,0,2,9,85,1,1,1,2,2,9,7,1,1,25,0,23,250,0,--
10,5,21,15,2,3,0,5,1,0,3,99,0,1,1,0,2,12,8,1,1,40,2,25,257,0,--
8,2,20,8,0,2,1,3,1,2,1,77,1,0,0,1,4,14,7,3,1,30,0,23,209,0,--
13,5,25,14,1,1,0,4,1,1,3,95,1,0,4,1,0,9,7,3,1,20,0,18,227,0,--
4,--,12,12,--,--,--,--,1,3,6,146,--,--,--,1,2,12,1,--,--,21,--,2,223,13,--
7,--,14,8,--,2,1,2,--,2,--,168,--,--,--,1,2,8,5,1,--,23,--,6,250,--,--
0,0,26,6,0,2,0,1,0,3,1,177,0,0,0,1,1,18,3,0,0,24,0,12,275,0,--
7,0,15,11,1,3,0,0,0,0,2,180,1,0,0,2,1,13,3,1,0,18,0,10,268,0,--
5,2,17,10,1,2,--,--,1,1,--,134,--,1,1,4,3,11,3,1,--,26,--,14,237,--,--
6,0,11,6,0,1,1,1,0,3,1,80,0,0,0,3,2,6,11,1,0,21,0,10,164,0,--
5,1,7,1,1,1,0,0,0,0,1,88,0,0,0,4,2,9,6,0,0,9,0,10,145,0,--
14,0,0,2,0,0,0,0,1,1,3,47,0,0,0,2,2,6,10,0,0,9,0,21,118,0,--
13,2,23,9,0,4,0,1,0,1,2,63,0,3,3,1,2,4,4,3,0,16,1,24,179,0,--
6,0,23,10,0,0,1,1,0,0,3,123,1,1,2,1,1,4,8,3,0,19,1,10,218,0,--
11,2,14,7,1,3,0,0,0,2,1,131,1,1,1,2,0,6,6,3,0,16,0,14,222,0,--
9,1,14,11,0,1,1,0,0,0,2,120,0,1,2,0,2,9,4,1,0,14,1,15,208,0,--
7,0,9,3,0,1,0,1,1,3,3,35,0,1,0,0,1,1,0,1,1,7,0,12,87,0,--
3,0,6,10,0,1,0,0,1,0,0,27,0,0,1,0,0,1,1,0,0,5,1,6,63,151,--
10,2,40,17,0,6,0,4,2,3,1,49,0,0,1,4,2,15,7,8,0,23,1,21,216,0,--
13,1,29,13,2,2,1,3,0,3,4,53,0,0,1,3,3,13,8,4,0,27,0,16,199,0,--
2,4,32,15,2,1,0,3,1,0,5,61,0,0,3,4,4,12,5,10,0,27,2,20,213,0,--
11,4,23,9,0,2,1,7,0,3,7,53,1,0,4,3,3,12,8,2,0,19,1,24,197,0,--
5,1,6,8,0,3,0,1,0,0,1,85,0,0,1,1,0,6,2,2,0,10,0,4,136,11,--
3,0,16,3,0,5,0,1,0,1,0,34,0,1,0,1,1,5,2,0,0,4,0,7,84,0,--
20,2,45,17,0,5,0,7,1,1,6,75,1,0,5,5,6,14,7,7,1,21,0,31,277,116,--
12,2,40,20,1,6,1,1,1,4,3,56,1,1,11,7,3,14,19,9,0,34,3,35,284,0,--
8,6,39,17,1,3,0,2,0,4,3,94,0,1,3,4,2,19,9,3,0,25,2,34,279,6,--
14,4,38,21,1,2,1,3,3,2,3,83,0,2,6,5,6,20,5,5,1,21,0,22,268,0,--
18,5,26,25,1,4,1,4,0,3,5,59,0,1,4,5,4,23,12,9,2,33,0,28,272,0,--
15,7,29,23,0,4,2,5,1,2,4,81,3,1,6,5,7,15,7,10,0,33,1,31,292,4,--
,,,,,,,,,,,,,,,,,,,,,,,,,,
17,1,14,15,1,1,1,0,0,0,7,111,1,1,1,4,1,14,7,4,0,38,0,11,250,0,--
19,5,21,27,0,5,0,2,2,4,3,83,0,2,3,10,2,11,14,6,0,27,0,27,273,0,--
12,8,40,20,0,4,1,6,0,3,2,70,1,2,4,0,7,25,8,6,0,27,0,32,278,0,--
16,2,25,18,2,6,0,4,1,2,7,93,0,1,7,4,6,11,10,9,0,31,0,28,283,0,--
12,7,47,18,1,4,0,5,1,5,7,81,0,0,6,6,2,17,15,10,2,25,2,23,296,0,--
16,4,35,22,2,2,--,4,--,4,6,93,1,--,1,2,7,16,12,8,--,37,--,21,293,--,--
18,3,29,28,1,2,0,4,0,4,2,89,2,3,3,3,3,17,9,5,0,34,1,24,284,0,--
19,5,28,21,0,4,2,7,3,3,5,93,1,0,2,4,6,18,9,2,0,25,0,24,281,0,--
19,6,26,30,0,4,1,3,0,5,4,5,6,0,4,6,6,5,4,5,0,1,1,22,163,0,--
18,2,38,27,1,4,0,5,1,2,7,81,0,1,2,5,5,10,9,1,0,24,3,18,264,0,--
12,6,28,18,0,5,0,9,1,3,3,68,0,1,2,7,3,20,4,4,1,35,1,31,262,0,--
15,3,27,13,0,3,0,7,1,2,5,59,0,1,2,5,4,9,10,2,1,30,0,33,232,0,--
20,3,23,19,0,5,0,5,0,4,4,86,2,0,6,4,0,16,3,3,0,26,1,20,250,2,--
11,2,15,13,0,4,1,4,0,3,2,128,2,0,4,2,5,12,6,0,0,22,0,19,255,0,--
6,2,11,4,0,4,0,3,0,0,4,165,1,0,3,2,3,9,1,1,0,25,0,15,259,0,--
9,1,7,6,1,0,0,1,0,1,2,81,0,0,0,2,2,6,4,2,0,10,1,17,153,0,--
4,2,17,8,1,3,0,0,1,0,4,111,1,0,5,1,2,5,6,2,0,10,0,5,188,0,--
26,4,46,27,2,2,1,2,0,1,2,68,0,3,5,6,3,12,6,7,1,22,3,17,266,0,--
21,2,34,21,2,5,2,7,0,4,5,52,1,2,5,8,8,19,14,10,0,25,0,23,270,0,--
33,5,38,25,1,8,1,6,0,2,4,75,1,1,5,6,5,19,6,2,2,33,0,24,302,0,--
22,4,27,19,2,5,1,12,0,4,4,81,2,1,12,4,9,17,8,5,0,31,2,19,291,0,--
10,5,25,12,0,2,1,6,0,6,2,89,0,1,3,4,3,18,7,3,0,34,0,28,259,0,--
12,2,35,23,1,1,0,3,2,1,5,58,1,1,2,3,3,20,13,3,0,25,1,23,238,0,--
15,1,34,22,1,4,0,4,0,3,2,84,1,0,7,4,3,12,12,7,0,23,1,32,272,0,--
14,4,37,25,1,2,0,6,2,3,1,67,0,0,6,2,5,17,12,3,1,21,2,22,253,0,--
21,4,39,27,1,7,0,2,0,1,2,72,1,1,2,1,3,12,9,8,0,27,0,22,262,0,--
14,4,37,21,1,4,0,3,0,2,3,89,2,2,4,9,3,11,6,11,0,17,0,22,265,0,--
27,4,45,18,3,6,1,4,0,1,2,67,1,0,3,1,4,13,10,6,0,16,0,15,247,0,--
32,4,36,23,1,5,0,5,1,0,4,64,1,0,4,5,1,9,16,4,0,28,1,26,270,0,--
22,3,27,16,1,4,1,0,0,2,4,61,1,0,4,4,5,12,8,5,0,27,3,23,233,0,--
9,5,16,13,0,1,0,3,1,4,3,118,0,0,3,1,2,10,12,4,0,26,0,10,241,0,--
11,0,7,6,1,1,1,2,1,0,4,113,0,0,2,3,1,13,4,2,0,12,1,15,200,0,--
6,3,18,8,0,7,2,1,0,1,1,97,1,0,1,2,1,12,6,1,0,15,1,6,190,0,--
21,4,33,24,0,2,2,6,1,0,6,45,1,3,4,2,5,15,8,2,0,27,1,24,236,0,--
23,6,36,16,0,3,1,3,0,1,7,54,1,2,1,4,2,9,10,2,0,28,2,25,236,0,--
18,5,31,10,1,8,1,6,2,4,6,62,3,1,7,5,9,8,12,3,2,22,2,19,247,--,--
15,7,33,10,--,7,--,4,2,4,7,65,1,1,3,5,6,9,15,6,--,14,--,34,248,--,--
33,5,32,14,3,7,1,5,0,2,5,61,0,1,6,2,3,11,14,0,0,12,0,23,240,0,--
21,3,32,19,1,5,1,3,1,2,2,51,1,0,4,9,6,9,8,8,0,27,2,30,245,0,--
24,5,24,16,1,11,1,3,1,2,3,51,1,1,4,1,3,11,10,5,2,24,1,24,229,0,--
19,3,23,14,0,2,0,2,1,2,5,72,2,0,5,2,5,18,4,3,0,25,0,12,219,0,--
28,3,32,16,1,5,1,2,0,3,4,61,0,0,8,2,3,5,14,4,0,25,1,16,234,0,--
21,5,23,15,0,3,0,1,1,2,4,63,0,0,8,4,1,14,12,4,0,23,1,20,225,0,--
14,3,31,15,1,4,0,2,0,0,1,55,1,3,5,5,2,14,11,3,0,29,2,20,221,0,--
14,5,29,13,1,3,1,3,1,5,7,57,2,2,5,3,3,13,8,3,0,25,0,11,214,0,--
22,4,29,18,1,3,0,5,0,5,4,67,0,0,4,0,5,6,15,5,1,18,1,13,226,0,--
19,3,32,10,1,6,1,4,3,3,4,77,2,1,2,4,8,11,6,5,0,25,1,15,243,0,--
25,2,36,11,0,8,0,3,1,2,6,62,0,2,4,5,2,5,13,3,0,24,2,21,237,0,--
25,4,28,15,0,5,1,1,0,2,3,60,0,2,4,3,3,12,12,5,0,27,1,20,233,0,--
27,3,25,12,2,2,0,1,1,2,2,44,1,0,5,3,5,12,12,8,0,24,1,15,207,0,--
23,0,29,16,0,5,0,1,1,3,1,45,0,2,5,4,3,12,12,3,0,14,0,22,201,0,--
23,1,19,16,0,2,0,2,1,1,3,57,0,1,3,6,6,11,4,11,1,12,2,18,200,1,--
19,3,17,14,2,4,0,2,0,1,1,67,0,1,0,3,3,9,12,4,0,28,0,12,202,0,--
11,1,22,16,0,5,0,1,1,1,1,64,4,0,4,5,3,15,9,3,0,17,5,22,210,0,--
12,0,24,7,0,4,0,1,0,1,0,113,0,1,1,3,1,13,12,2,0,16,2,16,229,0,--
6,1,8,10,1,1,0,2,0,3,4,108,0,0,1,3,0,12,7,0,0,17,0,11,195,0,--
9,2,14,12,0,0,0,2,1,2,2,78,0,0,2,4,0,5,10,4,0,15,0,11,173,0,--
6,1,12,6,1,2,0,1,0,0,1,59,1,0,2,1,0,4,4,0,0,3,0,5,109,0,--
4,1,7,8,1,2,0,1,0,0,1,53,1,0,0,0,0,6,3,0,0,5,0,9,102,0,--
10,2,32,27,1,3,0,3,0,4,3,74,0,0,1,7,2,14,7,6,0,35,0,29,260,0,--
10,5,23,17,1,0,0,2,0,2,3,98,0,1,4,4,13,19,6,6,0,29,1,22,266,0,--
9,1,29,26,0,8,0,2,0,6,3,98,0,0,1,6,5,22,6,11,0,26,1,25,285,0,--
13,7,39,23,0,4,0,5,0,3,2,70,0,2,3,6,3,18,7,7,0,39,0,28,279,0,--
14,9,33,28,0,3,1,6,3,3,4,61,0,1,6,5,5,15,12,7,0,33,0,20,269,0,--
14,6,44,30,0,2,0,1,1,4,3,63,0,0,2,4,2,18,2,10,1,30,0,26,263,0,--
11,3,44,21,0,2,0,4,0,3,3,83,1,1,1,6,4,21,4,1,0,37,0,12,262,0,--
8,4,34,22,2,2,1,4,0,1,7,98,0,0,3,3,0,22,5,4,0,45,0,10,275,0,--
10,1,33,26,1,4,--,2,--,--,5,81,2,--,6,2,6,22,4,4,--,29,--,25,263,--,--
4,4,37,24,0,4,1,1,1,3,4,95,1,1,1,5,1,15,2,2,0,36,1,23,266,0,--
11,1,34,19,2,5,0,4,0,1,4,93,0,0,3,3,6,20,4,3,0,34,3,24,274,0,--
8,2,43,21,1,8,0,4,0,1,3,97,1,0,3,1,1,18,9,1,0,33,0,33,288,0,--
,,,,,,,,,,,,,,,,,,,,,,,,,,
11,6,33,32,0,5,0,4,1,3,6,72,1,2,1,5,7,23,5,7,0,31,0,22,277,0,--
11,4,40,25,--,5,--,4,--,4,2,84,--,1,1,5,5,15,6,1,1,38,1,21,274,--,--
7,3,39,18,0,3,1,1,0,6,3,97,0,0,2,5,7,13,1,4,0,23,0,23,256,0,--
11,2,36,21,0,3,0,2,0,5,3,82,0,0,0,3,2,15,6,8,0,38,0,22,259,0,--
17,6,39,22,1,1,1,6,0,0,1,87,2,1,0,4,5,10,3,6,0,26,0,19,257,0,--
12,3,30,17,0,3,0,2,0,3,3,97,2,1,4,2,2,19,3,4,0,27,0,24,258,0,--
13,2,27,17,1,2,0,2,0,3,3,81,0,0,5,3,1,14,9,2,0,30,0,14,229,0,--
5,1,24,10,1,4,0,2,1,1,5,149,0,1,5,3,2,18,1,2,1,16,0,10,262,0,--
7,3,19,13,0,3,0,1,1,1,2,138,2,0,0,2,2,11,2,0,1,16,0,9,233,0,--
2,0,13,14,0,2,0,2,0,1,1,82,1,0,0,2,0,8,3,0,1,11,0,9,152,0,--
4,1,16,2,0,2,0,1,0,3,1,92,0,1,0,2,1,5,3,0,0,10,0,6,150,0,--
10,7,38,33,0,5,0,2,0,2,9,76,0,2,6,7,14,19,6,5,0,42,0,16,299,0,--
9,6,57,29,0,3,1,7,0,0,3,87,0,1,3,6,7,16,7,3,0,38,2,23,308,0,--
9,3,40,28,0,2,0,7,1,2,2,105,0,1,2,4,5,16,2,7,0,22,1,22,281,0,--
18,7,44,25,1,3,1,1,2,2,5,103,0,1,2,4,1,15,6,5,0,23,0,20,289,0,--
10,2,41,14,0,3,2,8,1,8,1,74,1,3,5,6,4,16,6,6,1,31,0,23,266,0,--
8,0,35,27,0,6,1,1,0,4,4,127,2,0,0,2,4,16,4,2,0,32,0,23,298,0,--
12,4,44,33,2,8,0,3,1,2,0,88,0,0,2,4,7,19,5,1,0,42,1,28,306,0,--
12,4,25,18,0,6,0,1,1,4,3,103,5,2,1,0,3,13,7,2,0,27,1,17,255,0,--
5,1,12,11,1,3,0,1,0,0,0,149,3,0,0,0,2,11,4,3,0,21,0,8,235,0,--
5,0,20,10,0,1,1,1,0,1,1,108,0,1,1,2,4,8,6,2,1,11,0,12,196,0,--
26,2,33,20,0,6,0,10,0,3,4,87,0,2,5,5,4,9,11,6,0,26,1,28,288,0,--
25,9,25,16,1,3,0,6,1,2,6,60,2,1,3,7,6,12,8,8,0,33,1,30,265,1,--
28,4,42,27,1,6,0,8,0,1,3,69,0,1,4,7,4,5,20,5,0,23,0,25,283,0,--
29,5,41,19,1,6,0,11,1,3,4,69,0,1,3,6,3,13,9,13,1,33,1,21,293,0,--
30,5,27,21,1,5,0,7,3,4,2,66,2,1,6,6,4,12,9,12,1,22,1,33,280,1,--
21,1,21,18,0,5,1,5,3,2,6,79,0,1,4,7,6,21,11,7,1,22,2,27,271,0,--
17,1,29,12,0,2,1,4,2,5,5,70,3,1,2,3,1,10,14,7,0,45,1,24,259,2,--
21,8,30,21,1,3,1,3,0,3,3,70,1,0,4,6,4,15,13,7,0,26,2,21,263,0,--
28,9,31,23,0,2,0,6,1,2,4,76,0,3,10,6,5,13,10,9,2,23,0,30,293,0,--
26,2,24,19,0,6,0,4,0,3,4,82,0,2,8,6,2,18,4,8,0,28,0,25,271,0,--
25,3,32,13,0,4,0,4,0,1,11,83,1,2,4,5,7,9,7,11,0,27,1,32,282,115,--
22,2,36,15,0,7,0,6,2,6,7,78,1,0,9,7,9,9,12,10,1,27,0,27,293,0,--
23,5,29,14,1,4,--,10,1,4,6,69,3,--,4,6,4,9,20,6,1,33,1,29,282,--,--
14,1,26,17,2,4,--,9,--,4,2,78,--,1,5,11,--,10,9,8,1,32,2,24,260,26,--
26,8,30,19,0,2,0,2,0,4,8,54,0,2,5,2,2,13,13,6,0,23,2,28,249,0,--
16,7,22,11,2,2,0,5,2,4,1,76,0,7,10,2,6,10,8,5,0,28,1,24,249,--,--
20,0,17,6,1,3,0,1,0,1,2,107,2,0,6,2,3,8,6,2,1,24,2,16,230,0,--
8,1,6,8,0,3,0,2,1,2,1,149,2,1,2,3,0,6,4,1,0,34,3,10,247,0,--
8,1,16,4,1,2,0,0,0,0,4,98,0,0,1,1,1,5,4,0,0,21,0,9,176,0,--
11,3,18,4,1,2,0,2,0,2,2,64,0,0,0,3,3,3,4,1,0,9,0,12,144,0,--
14,0,9,7,0,1,0,3,0,0,0,61,0,2,3,4,0,5,4,1,2,13,1,5,135,0,--
11,3,28,17,1,5,2,6,1,5,5,68,1,0,5,3,2,14,7,6,0,34,1,29,254,0,--
20,6,36,12,2,7,0,5,0,3,4,57,1,0,3,4,6,17,6,1,1,27,2,18,238,162,--
18,4,26,24,0,5,0,6,2,2,3,74,0,1,4,3,6,7,8,6,1,31,0,26,257,0,--
17,4,33,19,0,10,2,3,0,1,10,73,2,0,6,3,1,10,13,9,0,31,3,21,271,0,--
16,4,37,17,0,4,0,3,1,1,9,67,1,2,4,5,1,7,5,10,1,29,0,37,261,1,--
17,6,26,15,1,2,0,6,2,2,6,63,0,1,6,3,3,16,16,4,0,26,0,25,246,0,--
15,4,30,16,0,6,0,3,0,2,4,75,0,0,8,4,3,18,12,4,0,33,0,28,265,0,--
10,2,38,24,2,2,0,6,3,3,5,61,0,1,4,7,7,15,7,5,0,38,1,29,270,0,--
16,4,38,18,0,3,0,3,0,8,3,65,0,2,5,7,5,12,14,3,0,24,0,33,263,0,--
22,8,34,13,1,2,0,3,1,1,4,65,1,1,8,6,5,14,10,8,0,26,1,26,260,0,--
14,4,34,24,1,2,2,6,4,2,8,48,1,--,8,4,4,15,7,14,1,31,1,22,257,--,--
17,6,20,14,0,3,0,6,0,9,3,68,1,1,4,1,6,15,7,7,2,25,0,26,241,162,--
13,4,19,9,0,2,0,1,0,1,2,101,1,0,1,5,3,14,10,1,0,23,1,12,223,0,--
12,5,31,13,1,2,0,8,1,4,4,73,0,1,5,5,6,14,11,2,0,22,0,30,250,0,--
12,3,29,20,1,6,1,5,1,5,6,70,1,1,2,5,2,15,5,4,1,32,0,24,251,0,0
10,2,34,15,0,3,1,6,4,4,5,65,0,1,8,2,3,16,6,1,0,30,1,37,254,0,--
14,7,20,17,0,3,1,4,1,1,1,79,1,1,3,10,0,14,11,5,0,27,1,18,239,0,--
11,3,22,15,1,4,0,4,0,3,1,82,0,0,3,3,11,7,10,4,0,34,0,27,245,0,--
16,1,25,20,1,9,0,4,0,7,7,67,1,0,3,1,8,13,11,6,0,21,0,26,247,0,--
19,3,29,19,0,2,0,7,1,0,4,72,0,0,6,4,1,14,8,8,0,28,1,30,256,0,--
7,6,14,22,1,4,2,5,0,5,5,60,2,1,3,4,4,9,10,9,0,41,2,23,239,0,--
18,1,36,18,0,4,0,3,0,4,5,83,1,1,6,7,1,12,6,3,0,36,0,18,263,0,--
13,0,35,17,0,28,0,7,1,2,1,72,1,0,6,5,2,15,4,7,1,0,1,28,246,0,--
13,4,28,23,0,4,0,4,0,2,6,75,0,0,4,6,7,18,8,3,0,28,1,24,258,--,--
16,1,28,10,0,3,0,4,1,5,4,51,0,1,6,7,5,14,16,5,0,32,0,22,231,0,--
13,5,27,15,0,3,0,6,1,2,0,77,0,0,6,5,2,13,12,3,0,24,1,24,239,0,--
11,5,27,13,0,3,0,3,2,4,7,60,0,0,7,6,3,18,11,2,0,33,0,24,239,1,1
21,5,36,19,1,2,0,4,0,8,5,59,0,0,5,3,3,14,9,9,1,28,2,28,262,0,--
16,2,32,13,--,3,1,3,1,4,2,67,0,0,5,9,2,10,11,3,1,29,--,24,238,--,--
11,0,23,18,0,5,1,5,1,6,3,68,1,0,3,6,4,14,6,6,1,27,0,20,229,0,--
14,5,33,17,0,3,0,3,0,1,8,53,1,0,3,6,5,13,12,5,0,19,1,22,224,0,0
15,1,29,14,1,2,0,1,0,4,5,65,1,0,3,4,2,7,6,4,1,13,2,25,205,0,--
22,4,20,11,1,2,1,5,0,3,9,67,3,0,5,6,5,13,9,2,1,21,1,17,228,0,--
15,3,21,9,0,3,1,3,1,4,4,72,0,0,6,4,1,17,7,1,0,24,0,17,213,0,--
11,0,19,13,0,0,0,4,1,2,6,88,0,1,3,4,2,9,8,2,0,17,0,15,205,0,1
5,0,20,4,0,1,0,2,0,7,3,129,1,1,1,4,0,6,5,2,0,16,0,15,222,0,--
7,4,12,9,2,0,0,1,0,0,1,134,0,1,1,3,3,11,1,1,0,28,0,10,229,171,--
4,1,17,5,0,3,0,3,0,0,0,164,2,0,0,1,0,4,9,3,0,28,0,14,258,0,--
6,1,9,3,0,1,0,2,0,3,3,109,0,0,0,2,0,11,11,1,0,13,1,14,190,0,--
7,3,11,8,--,1,--,2,1,--,2,68,1,--,2,4,3,11,8,2,--,11,--,14,159,--,--
11,1,16,6,--,1,--,1,--,1,--,92,1,--,1,1,--,10,6,3,--,14,1,15,181,--,--
6,1,9,3,--,4,--,--,--,--,1,63,--,--,1,2,--,1,2,2,--,10,--,5,110,--,--
3,--,6,7,2,--,--,--,--,--,--,39,--,--,4,--,--,2,--,--,--,6,1,5,75,--,--
53,3,35,12,0,9,0,4,2,0,8,47,1,1,5,9,6,11,11,3,1,14,0,30,265,0,--
26,4,12,18,0,3,0,8,0,2,17,54,1,1,5,4,3,8,24,3,1,23,0,18,235,0,--
30,6,21,11,1,5,0,4,1,3,7,55,0,0,6,5,6,5,12,6,1,18,3,24,230,170,--
24,2,14,10,0,4,0,1,0,1,7,61,0,1,7,4,3,7,12,5,0,18,0,8,189,0,--
11,3,16,7,1,0,1,2,1,1,5,87,0,0,3,2,2,8,5,4,0,7,0,5,171,0,--
8,5,36,25,1,5,0,2,0,4,7,49,1,0,3,4,7,13,6,3,0,29,0,17,225,0,--
16,0,42,22,0,1,0,3,0,3,4,63,0,1,2,2,2,12,12,1,0,17,3,27,233,0,--
16,6,49,21,0,8,0,1,0,0,3,75,1,2,4,7,4,11,8,4,0,17,0,27,264,0,--
11,2,57,30,1,3,1,3,0,1,2,56,0,1,1,4,3,16,13,2,0,31,1,23,262,0,--
10,2,33,14,1,2,0,0,0,2,1,71,0,0,1,3,2,7,10,2,1,24,0,16,202,0,--
7,1,19,4,0,1,0,0,0,1,1,49,0,2,1,1,2,7,4,1,0,18,0,9,128,1,--
9,1,36,20,2,7,1,1,0,1,5,82,1,0,2,4,7,15,10,4,3,30,1,27,269,0,--
9,3,34,26,1,5,0,7,0,3,3,62,1,3,2,6,4,17,12,7,1,34,0,51,291,0,--
14,2,36,30,0,12,0,7,0,7,9,55,2,1,3,5,5,20,11,8,1,25,1,32,286,2,--
9,6,46,29,2,2,0,9,1,5,6,71,0,0,1,1,5,24,9,5,0,33,3,29,296,0,--
15,8,46,28,0,5,0,9,1,4,2,78,0,1,8,2,4,10,6,14,0,21,0,25,287,0,1
12,7,51,19,3,2,2,4,2,3,6,51,1,1,3,5,6,14,8,9,1,37,0,20,267,0,--
,,,,,,,,,,,,,,,,,,,,,,,,,,
13,4,38,16,1,3,0,13,0,5,5,73,2,0,5,4,6,13,7,3,0,32,2,30,275,0,--
9,5,23,12,0,1,0,2,0,4,0,116,0,0,5,1,2,23,11,4,0,36,1,19,274,0,--
10,5,44,17,3,5,0,5,2,1,8,71,0,2,2,2,6,14,6,2,0,24,0,30,259,4,--
9,7,41,16,0,3,0,9,2,1,2,85,0,0,3,5,4,20,5,6,0,40,0,30,288,1,--
11,5,41,15,1,3,0,2,0,3,6,86,0,0,4,5,2,12,10,9,0,35,1,21,272,0,--
8,4,41,17,1,4,0,7,1,5,0,78,0,2,3,4,5,25,9,1,0,34,1,27,277,0,--
8,4,43,21,0,8,1,4,4,4,5,79,1,0,4,5,2,15,11,6,1,37,0,18,281,0,--
11,3,39,13,5,2,0,8,1,5,1,79,0,0,3,6,4,20,8,6,0,24,1,32,271,0,--
16,6,37,18,0,3,0,3,1,5,2,86,1,1,1,4,2,12,6,9,0,32,0,34,279,0,--
10,5,50,23,3,3,0,5,0,3,4,72,0,1,4,3,7,14,6,4,0,33,1,32,283,0,--
13,2,37,27,0,4,0,6,1,1,5,95,0,2,8,3,1,13,12,3,0,21,0,28,282,0,--
14,6,41,14,1,1,0,6,3,4,4,87,0,1,8,2,6,12,11,5,0,27,1,27,281,0,--
16,4,33,19,4,4,0,6,1,5,3,65,1,0,6,6,6,21,6,6,0,27,0,30,269,0,--
12,3,30,22,0,4,0,5,0,1,8,84,0,0,5,4,2,15,10,4,0,24,0,27,260,0,--
14,4,31,10,0,5,0,6,0,2,4,71,1,0,7,4,6,8,8,7,1,30,0,17,236,0,--
15,4,35,17,1,2,0,5,1,1,3,81,1,0,6,3,2,13,8,2,2,27,1,22,252,0,--
7,1,19,9,0,5,0,3,0,0,4,126,1,0,2,1,2,17,3,2,0,21,0,21,244,0,--
3,4,17,10,0,1,0,2,0,4,3,156,0,1,1,4,2,17,3,3,0,27,1,13,272,0,0
6,1,14,9,0,1,0,0,0,2,0,143,0,0,3,4,1,8,3,3,0,19,0,18,235,0,--
8,2,25,7,0,4,0,3,0,1,4,76,1,0,3,4,0,11,5,1,0,17,0,14,186,0,--
6,1,14,9,0,1,0,1,0,1,0,72,1,0,1,2,1,3,0,2,0,9,0,8,132,0,--
5,1,13,9,0,0,0,1,1,0,3,35,0,0,1,0,0,4,2,2,0,8,0,8,93,0,--
10,1,43,22,0,7,0,10,1,6,2,78,0,0,5,4,6,19,7,4,0,25,2,30,282,0,--
21,2,44,20,2,6,2,7,0,3,1,78,4,0,6,5,5,14,13,4,0,24,3,28,292,108,--
12,4,38,23,1,2,0,4,1,6,1,96,0,0,6,7,3,17,10,7,0,30,1,28,297,0,--
11,4,42,31,1,4,1,10,0,5,4,77,1,1,4,5,8,7,8,14,0,13,4,25,280,120,--
14,6,31,23,3,6,0,5,1,4,7,72,0,0,5,5,8,19,8,9,0,32,0,35,293,0,--
12,6,28,24,2,3,0,5,1,4,3,88,0,0,4,0,4,16,11,3,0,34,0,28,276,0,--
12,5,36,7,0,3,0,4,0,4,3,81,1,0,3,0,4,24,10,4,0,25,1,22,249,1,1
19,8,42,15,2,6,0,3,1,0,4,82,1,2,4,2,6,14,10,6,0,36,0,34,297,98,--
7,3,31,24,1,5,0,3,0,3,2,99,0,1,1,4,5,18,6,4,0,37,3,17,274,126,--
12,2,41,26,1,4,0,6,3,4,2,63,1,3,2,8,6,23,11,17,0,36,1,14,286,114,--
14,4,33,30,2,5,0,8,0,8,0,84,3,2,1,0,5,20,9,3,0,27,0,29,287,0,--
12,5,57,19,3,6,0,4,0,5,1,94,0,0,1,4,6,14,14,2,1,18,0,32,298,0,--
13,1,32,17,1,4,1,3,0,5,2,96,0,2,4,6,2,11,11,5,0,25,2,30,273,0,--
15,5,39,16,0,3,1,2,0,4,3,63,1,0,5,3,6,22,13,10,1,34,1,22,269,0,0
19,5,42,18,2,2,0,1,0,5,2,71,1,1,5,2,7,14,9,2,0,32,0,28,268,0,--
16,1,35,16,0,5,0,5,0,4,3,90,0,0,9,1,2,14,10,1,2,19,2,17,252,0,--
15,2,23,18,0,4,0,2,0,2,3,108,1,1,4,4,2,12,10,3,0,23,0,20,257,0,--
5,0,24,9,0,0,0,3,0,2,4,149,0,0,5,1,0,19,2,1,0,31,1,8,264,0,--
5,3,20,12,1,1,0,3,0,0,1,97,0,0,0,3,0,7,6,1,1,13,1,10,185,0,--
5,1,28,10,0,1,0,1,0,2,1,80,0,1,0,1,2,6,5,4,0,10,0,12,170,0,--
16,5,43,29,1,3,0,3,0,6,2,74,0,2,2,4,4,21,8,4,0,24,2,30,283,0,--
26,4,46,19,1,11,1,5,1,3,4,71,0,2,1,4,7,18,13,4,0,33,0,27,301,0,--
16,5,46,19,0,4,0,8,2,5,3,57,1,2,3,7,9,28,7,6,0,37,1,27,293,0,--
19,3,39,26,2,6,0,5,0,3,8,71,1,1,3,5,6,13,5,10,0,33,0,33,292,0,--
10,6,44,21,0,10,0,2,0,4,1,80,0,1,2,6,7,19,11,12,1,34,2,35,308,0,--
12,3,41,19,1,6,0,9,1,6,4,69,0,1,6,4,10,19,10,7,0,29,1,32,290,0,--
17,6,31,12,2,9,1,3,0,6,5,82,1,1,2,9,4,20,11,8,0,25,0,23,278,0,--
7,2,27,12,0,5,0,3,0,2,5,96,0,0,2,5,4,14,6,6,1,30,1,23,251,0,--
15,6,48,17,2,5,0,10,1,1,5,71,1,0,9,3,1,15,9,7,2,32,0,30,290,0,--
9,0,41,14,0,6,0,4,1,4,2,89,0,1,5,9,5,15,14,7,0,23,0,14,263,0,--
23,5,38,22,0,4,0,6,2,2,5,71,1,0,5,2,2,21,11,8,1,21,1,22,273,0,--
12,1,54,26,1,4,--,8,1,1,5,67,1,--,5,6,4,11,12,3,--,38,--,27,287,113,--
14,7,42,20,1,6,0,6,0,2,5,80,0,0,5,4,3,23,11,4,0,37,1,31,302,0,--
15,6,48,25,2,6,0,6,0,4,3,85,0,1,1,5,5,11,10,6,0,19,0,26,284,0,--
20,4,44,11,0,4,0,6,0,5,7,63,0,0,5,6,1,12,10,9,0,36,1,27,271,0,--
15,3,34,29,1,7,0,7,0,3,5,72,2,1,5,4,4,19,11,3,0,35,1,21,282,0,--
17,5,34,18,0,8,0,4,0,1,4,92,0,0,4,6,4,15,3,11,0,33,0,22,281,0,--
25,6,33,25,1,6,0,3,1,4,5,65,4,1,4,7,4,13,10,3,0,26,0,21,267,0,--
22,2,30,10,1,3,0,1,0,2,5,95,0,0,6,4,3,16,7,3,0,24,0,18,252,0,--
17,4,24,14,2,1,0,5,0,1,3,109,1,1,1,2,1,18,4,2,0,30,1,24,265,0,--
12,0,17,17,0,1,0,4,1,2,2,162,0,1,3,2,2,11,6,0,0,21,1,8,273,0,--
4,1,19,10,0,4,0,3,1,1,5,130,2,0,3,0,1,16,3,2,0,29,0,10,244,0,--
9,3,16,12,2,0,0,2,0,3,1,63,2,1,1,0,3,7,3,1,0,7,2,5,143,0,--
10,1,10,4,1,0,0,1,2,3,0,66,1,0,0,3,1,1,3,3,0,7,0,10,127,0,--
10,0,35,23,2,5,0,4,0,2,3,89,0,1,2,2,5,16,11,7,2,40,2,24,285,0,--
13,3,45,21,1,4,0,6,1,2,5,72,1,0,4,6,6,18,10,9,0,38,1,26,292,0,--
15,7,34,26,0,5,1,5,0,3,7,77,0,0,4,3,5,10,8,10,1,27,0,46,294,0,--
12,1,29,11,2,3,0,2,0,3,8,85,1,1,2,4,8,19,8,3,0,23,1,25,251,0,--
16,7,43,17,0,4,0,7,0,2,3,80,0,1,4,5,4,11,9,4,1,25,0,33,276,0,--
12,4,37,26,1,3,0,8,0,6,5,92,0,0,2,5,2,18,6,3,0,31,1,20,282,0,--
11,3,37,17,1,4,1,2,0,4,6,79,0,0,8,1,3,17,11,8,0,30,1,40,284,0,--
12,4,47,25,1,5,0,8,0,5,3,64,0,0,7,3,5,20,9,9,0,26,1,37,291,0,--
12,6,38,27,0,7,0,9,1,1,7,73,2,1,6,4,4,17,13,9,0,31,0,33,301,0,--
17,2,44,12,0,3,1,5,0,6,6,58,1,1,6,6,9,13,7,6,1,22,2,17,245,0,--
13,1,22,10,0,5,0,5,1,6,5,117,0,0,2,5,2,7,3,3,0,26,0,17,250,0,--
6,1,15,4,1,0,0,1,0,0,1,132,0,0,1,0,4,10,3,1,0,22,0,7,209,0,--
4,2,17,7,0,1,0,3,0,2,1,103,0,1,1,4,3,5,2,3,0,8,0,16,183,0,--
13,1,51,28,0,3,0,4,0,1,0,79,0,1,2,4,5,17,3,8,0,35,1,33,289,0,--
8,1,47,33,2,5,0,0,1,5,0,69,0,0,2,2,3,24,3,7,0,30,1,25,268,0,--
6,8,53,31,2,3,0,6,0,5,2,75,0,0,6,6,3,20,7,3,0,41,0,27,304,0,--
15,9,44,33,0,2,0,7,1,3,3,78,1,0,4,3,5,16,3,8,0,36,1,27,299,0,--
20,3,46,31,0,3,0,8,0,3,1,76,2,1,2,2,6,15,3,8,1,32,2,32,297,0,--
8,2,33,30,0,1,0,2,1,4,4,96,0,2,4,3,4,29,10,5,1,35,0,17,291,0,--
12,3,32,21,0,4,1,3,0,1,3,115,0,0,2,1,2,11,2,6,0,43,0,18,280,0,--
12,2,48,22,1,3,0,8,0,6,2,75,1,0,2,6,4,16,7,9,0,42,1,25,292,108,--
8,4,49,40,1,5,1,4,1,4,1,72,0,0,2,2,6,16,6,9,0,30,1,30,292,108,0
5,1,44,37,1,4,0,4,1,3,2,81,0,0,1,1,10,16,9,9,0,37,0,22,288,112,--
17,1,46,43,0,8,1,1,4,3,1,86,0,2,0,4,5,27,5,2,1,34,0,24,315,85,--
12,6,50,32,2,5,0,4,1,3,5,82,1,0,4,2,2,18,7,1,1,28,1,35,302,99,--
11,5,33,29,0,6,0,6,0,4,2,87,3,0,2,2,5,17,8,7,0,41,0,22,290,107,--
16,1,39,29,0,8,1,4,2,5,3,75,0,0,1,1,3,13,5,6,0,33,1,18,264,136,--
13,1,37,21,0,2,0,1,0,3,2,113,0,0,0,4,8,16,7,6,1,15,0,21,271,130,--
8,3,32,23,0,6,0,6,0,1,2,131,0,0,3,2,2,15,3,2,0,23,0,4,266,129,--
4,1,18,3,0,5,0,2,0,1,0,160,2,0,1,0,3,15,4,5,0,21,0,8,253,147,--
4,1,7,10,1,0,0,0,0,3,0,69,1,0,1,1,0,9,0,0,0,11,0,5,123,93,--
1,2,8,9,1,1,0,1,0,2,0,56,0,0,1,0,0,3,0,3,0,12,0,8,108,106,--
14,3,0,23,2,5,2,7,0,1,3,59,1,2,7,3,5,17,6,3,1,32,0,28,224,0,--
17,2,32,21,1,6,0,7,0,2,5,89,0,0,6,6,2,6,14,15,0,28,2,18,279,1,--
17,2,26,13,0,3,0,4,0,2,5,63,2,0,3,2,7,15,6,6,1,32,1,25,235,0,--
16,5,37,18,2,2,0,2,1,1,6,64,0,1,4,4,4,11,7,7,0,25,1,30,248,0,--
16,5,27,15,2,4,0,1,0,1,3,72,2,0,5,4,9,14,9,4,0,22,0,35,250,0,--
5,8,26,17,0,3,1,5,1,2,3,55,1,1,4,4,2,16,6,5,0,33,2,30,230,0,--
8,0,16,4,0,0,0,0,0,0,2,87,1,0,1,0,2,13,1,0,0,10,0,14,159,1,1
3,2,11,6,0,1,0,1,1,1,2,51,0,0,0,1,2,5,4,0,0,7,0,9,107,0,--
22,3,30,16,0,3,1,2,0,6,5,47,0,1,5,7,7,10,14,7,0,12,4,28,230,170,--
27,5,34,20,0,5,0,2,1,5,10,59,1,2,5,3,4,6,13,8,1,16,0,35,262,0,0
21,4,29,16,0,4,0,5,0,6,6,57,2,2,5,12,6,9,10,5,1,23,0,34,257,0,--
24,6,31,15,0,4,2,8,0,4,2,54,0,1,7,5,3,13,19,3,0,20,3,27,251,0,--
20,0,26,13,0,4,0,3,0,5,7,73,0,2,7,2,3,11,9,2,0,20,2,18,227,0,--
30,2,24,12,1,5,0,5,0,3,7,61,0,0,3,6,0,13,13,5,0,21,1,24,236,0,--
21,4,24,9,1,2,1,3,1,1,6,59,1,0,4,9,10,11,15,6,0,29,1,24,242,0,--
19,1,24,18,1,4,1,6,1,4,4,72,1,0,5,3,3,20,12,2,0,23,1,26,251,0,--
21,3,27,8,3,4,1,4,2,1,4,73,2,0,5,7,1,11,15,4,0,12,0,31,239,0,--
30,3,26,15,0,1,0,8,0,1,4,60,1,1,11,3,4,11,15,5,0,11,0,38,248,0,--
29,2,21,15,1,5,0,0,1,0,5,66,0,0,4,3,2,8,7,5,0,11,0,24,209,0,--
18,1,22,17,0,4,1,2,0,3,3,69,2,1,1,4,2,8,11,6,0,12,4,17,208,0,--
9,0,13,12,0,3,0,1,0,0,6,104,1,0,4,7,4,8,14,0,1,15,0,13,215,0,--
6,1,9,7,0,0,0,1,2,0,3,58,3,0,2,1,3,10,6,1,0,13,0,15,141,0,--
7,4,13,6,1,1,0,3,0,1,3,73,0,1,1,1,0,6,5,2,0,6,2,7,143,0,--
25,5,33,13,0,9,0,2,0,1,7,53,1,3,5,4,7,7,20,3,2,20,0,26,246,0,--
23,3,30,13,1,8,1,5,1,2,8,46,1,1,4,5,7,8,13,4,0,22,3,38,247,0,--
26,1,33,22,0,5,0,8,0,2,9,47,1,2,2,9,5,5,16,14,0,14,0,15,236,29,--
25,1,30,18,0,5,1,8,1,8,4,58,5,2,4,3,6,9,14,6,0,21,0,36,265,0,--
31,6,21,12,1,6,0,6,1,1,9,64,0,2,4,5,3,15,20,6,0,22,2,39,276,0,--
28,5,29,20,0,7,0,9,2,6,7,58,3,0,2,8,5,13,12,5,0,15,1,34,269,0,--
21,5,36,31,1,3,0,3,0,7,7,50,0,3,7,8,8,11,16,9,1,20,2,30,279,0,--
30,5,22,16,0,3,1,8,1,1,11,62,1,1,4,6,3,7,17,4,0,23,1,32,259,0,--
31,3,37,17,1,6,1,5,0,3,5,62,3,2,3,4,5,6,17,3,1,20,1,26,262,0,--
20,3,22,14,0,4,0,3,0,4,4,67,0,0,3,2,3,5,11,2,1,21,1,32,222,0,--
17,0,24,11,1,5,0,3,1,2,3,72,1,0,4,6,6,5,15,1,0,27,0,30,234,0,--
32,1,27,19,1,7,0,2,--,5,11,46,1,2,7,2,3,5,17,4,0,18,1,31,242,0,--
14,2,20,8,0,3,3,4,0,7,12,72,0,1,2,6,5,13,11,5,0,23,5,39,255,0,--
18,2,27,16,0,1,0,3,0,3,9,66,0,0,3,4,4,13,13,6,0,22,--,29,239,2,--
24,5,27,16,2,5,0,3,0,5,6,66,3,2,4,8,4,19,0,5,0,26,2,32,264,0,--
29,3,33,17,1,5,1,4,1,2,8,48,2,0,5,4,6,6,15,7,0,20,0,22,239,0,--
20,2,26,22,1,5,0,6,1,3,9,58,1,0,6,0,7,19,13,5,0,21,1,34,260,0,--
28,2,32,12,1,6,2,5,0,1,4,62,0,0,5,2,4,13,11,4,2,31,3,24,254,--,--
21,3,22,13,1,3,0,8,0,4,8,61,0,0,4,4,6,12,16,8,0,16,1,34,245,0,--
26,1,38,16,3,3,1,3,0,4,7,64,0,1,3,5,3,8,17,2,0,17,5,24,251,0,--
37,3,25,20,0,4,0,5,0,3,9,46,2,0,6,1,4,10,22,5,1,14,3,35,255,144,--
22,3,22,13,0,5,0,5,1,4,12,49,1,0,5,6,5,12,11,9,0,18,4,38,245,0,--
23,1,21,18,0,4,0,1,0,4,12,56,3,2,5,8,7,13,16,7,0,13,1,35,250,0,--
23,5,25,15,0,6,0,5,0,1,5,45,0,3,3,2,7,7,21,6,0,24,1,26,230,0,--
27,2,27,12,1,4,0,3,0,1,5,50,1,2,4,6,4,11,12,6,0,18,3,26,225,0,0
18,1,21,11,0,6,0,4,1,2,9,52,0,1,0,5,2,8,18,5,0,24,1,27,216,0,--
22,1,28,11,2,6,1,1,0,2,15,73,0,0,1,6,4,3,10,2,0,14,0,26,228,0,--
14,0,22,11,0,2,0,1,0,1,9,89,1,0,3,4,3,8,15,3,2,22,1,14,225,0,--
11,0,18,14,0,2,0,1,1,2,4,139,0,0,2,3,1,15,9,3,1,6,0,14,246,0,--
9,1,10,8,0,3,0,0,1,1,4,111,0,0,3,1,1,15,13,0,0,16,0,21,218,0,--
11,1,13,8,1,2,0,1,0,2,4,118,0,1,4,2,3,7,10,1,0,11,0,13,213,0,--
8,0,11,7,3,0,0,2,0,5,2,94,0,0,0,1,1,12,5,0,1,18,1,19,190,0,--
10,0,7,7,0,4,0,1,0,4,4,57,1,0,2,7,2,4,14,1,0,11,3,25,164,0,--
10,1,14,6,1,2,0,0,0,1,2,70,1,0,4,0,2,5,5,0,0,4,0,13,141,0,--
8,0,11,5,0,3,0,0,1,0,4,50,0,0,1,0,3,1,3,0,0,3,1,6,100,0,--
6,6,47,16,2,3,1,4,0,2,3,71,0,0,2,4,6,26,8,8,1,34,1,21,272,0,--
7,7,43,23,0,1,1,4,1,5,4,76,0,1,4,4,5,24,7,2,0,26,0,29,274,0,--
8,4,4,17,0,3,0,7,0,6,3,74,1,0,5,3,4,30,10,6,2,37,0,17,241,0,--
9,6,52,17,1,3,0,2,2,2,3,73,0,0,6,7,3,17,7,6,0,34,1,24,275,0,--
8,7,48,16,1,1,0,1,0,1,5,66,2,1,2,7,4,20,7,12,0,30,1,32,272,0,--
11,6,42,15,1,7,0,1,3,3,2,71,1,0,3,2,6,21,8,4,1,33,0,30,271,0,--
6,1,36,19,1,1,0,2,0,0,4,84,0,0,3,4,3,23,5,2,0,30,0,19,243,1,--
7,4,34,19,1,2,0,1,0,2,2,84,1,0,1,4,6,14,13,5,0,40,1,20,261,1,--
15,3,33,21,0,6,0,4,0,1,4,88,1,0,3,4,2,22,6,2,1,37,0,15,268,0,--
4,3,31,16,2,5,0,2,0,0,6,94,1,0,2,3,4,18,7,3,0,37,1,15,254,1,--
11,3,42,19,0,5,0,7,1,2,4,74,0,0,4,1,5,17,7,10,1,33,0,27,273,0,--
3,6,54,24,0,4,0,4,1,3,3,71,0,0,7,5,1,22,5,5,0,34,1,26,279,0,--
6,2,42,22,0,4,0,4,0,2,0,100,0,0,5,3,3,23,6,4,1,34,0,24,285,0,--
14,10,43,24,0,3,0,8,0,5,1,99,1,0,1,6,3,22,9,0,0,40,1,26,316,0,--
9,3,45,17,1,3,2,2,0,4,4,89,0,0,2,4,5,17,5,5,0,39,1,31,288,112,--
13,10,45,15,1,4,0,8,0,4,1,83,1,1,5,4,6,15,10,4,0,31,0,29,290,0,--
10,3,41,12,1,6,1,5,0,2,5,69,1,0,4,4,2,28,7,4,1,35,1,33,275,1,--
5,5,32,20,0,2,0,3,1,11,3,77,1,0,4,5,2,27,5,1,0,21,1,19,245,0,--
5,4,39,12,0,3,0,3,0,1,0,92,0,1,2,0,0,14,5,5,2,36,0,27,251,0,--
5,1,17,13,1,1,0,0,1,1,3,166,0,0,0,3,3,18,1,1,0,35,1,8,279,0,--
5,1,15,8,0,9,0,3,1,3,1,177,0,0,1,4,0,16,2,0,0,20,0,17,283,119,--
2,1,13,6,0,2,0,1,1,0,1,59,0,0,2,4,0,12,3,2,0,8,0,12,129,0,--
7,2,12,7,--,2,--,--,--,1,--,65,--,--,--,--,3,5,1,1,--,5,--,7,118,--,--
9,6,24,20,1,3,1,3,0,4,4,4,0,0,3,3,4,18,9,9,0,34,0,13,172,0,--
9,5,36,18,0,6,1,3,0,7,3,82,1,0,8,5,7,3,7,6,0,42,0,23,272,0,--
7,6,34,19,0,3,0,5,0,4,2,104,0,0,2,5,4,17,7,3,0,44,0,32,298,0,--
9,3,29,18,0,6,0,3,0,4,4,95,0,0,5,1,6,22,2,3,1,38,0,27,276,0,--
5,9,40,17,1,2,1,9,0,1,1,109,0,2,6,1,5,21,2,4,0,37,1,17,291,3,--
7,5,21,14,2,2,0,0,0,9,3,110,2,1,2,6,2,17,6,10,1,35,1,18,274,--,--
10,1,41,23,1,2,0,4,0,2,1,102,0,1,3,1,4,19,9,2,1,33,0,26,286,0,--
6,6,28,21,0,8,0,3,0,2,4,93,0,0,7,3,1,21,6,9,0,43,0,23,284,116,--
12,5,22,25,0,1,0,3,0,12,2,88,0,0,7,2,4,15,7,8,0,37,0,33,283,0,--
9,4,33,22,0,5,1,6,0,5,3,92,0,1,1,1,1,18,6,6,0,16,1,29,260,0,--
11,4,29,12,1,1,0,2,0,1,5,98,1,1,0,7,3,11,8,2,0,32,0,22,251,0,--
2,1,12,8,0,4,0,3,1,1,6,139,1,0,0,3,3,15,4,0,0,23,0,8,234,0,--
7,0,13,13,1,2,1,2,0,3,3,93,2,0,3,0,4,8,2,0,0,17,2,8,184,0,--
16,2,37,10,0,4,1,6,1,3,7,63,0,0,9,3,5,14,8,9,1,28,0,29,256,0,--
19,7,29,13,1,2,--,5,2,4,5,53,3,1,8,8,3,13,12,4,1,26,--,36,255,--,--
26,5,43,14,1,8,1,6,2,3,3,63,1,1,3,4,2,13,10,9,0,32,1,21,272,0,--
17,1,35,16,1,4,0,4,2,3,11,68,3,0,4,6,3,11,13,8,0,34,1,21,266,0,--
23,5,22,12,0,5,0,7,3,0,4,68,2,0,5,5,6,16,8,10,0,32,0,26,259,0,--
18,1,32,14,2,1,2,1,0,3,3,64,2,1,8,3,4,13,11,5,1,27,1,29,246,0,--
12,4,43,21,1,7,1,3,2,6,1,61,2,2,4,7,1,20,10,9,0,29,1,26,273,0,--
10,3,34,20,1,8,2,5,2,4,3,62,2,1,7,6,2,14,11,7,1,30,3,25,263,0,--
14,4,32,11,1,6,1,5,0,4,2,77,0,1,2,2,1,12,6,1,2,24,1,24,233,--,--
11,3,17,10,--,3,1,3,1,1,7,74,--,2,2,6,2,15,8,1,--,28,182,23,400,0,--
18,1,29,16,1,3,0,4,0,6,2,64,1,0,4,0,4,16,5,9,1,27,2,27,240,0,--
17,1,28,17,0,11,3,3,0,3,2,79,0,0,7,3,2,13,10,4,1,28,0,26,258,0,--
11,4,29,19,0,2,0,6,0,6,3,66,0,0,3,4,0,22,7,4,0,27,1,41,255,0,--
26,4,28,15,0,4,0,5,0,2,4,65,1,0,5,4,7,16,10,4,--,31,2,21,254,0,--
18,3,32,11,2,2,2,4,0,3,4,59,0,1,2,2,4,12,4,3,1,27,0,31,227,0,--
22,2,32,12,1,6,0,3,0,3,2,67,5,0,2,5,5,11,14,8,1,33,1,15,250,149,--
16,2,36,16,0,4,0,4,0,7,3,64,0,0,6,4,6,13,4,9,0,28,1,21,244,0,--
15,4,28,24,1,6,0,1,1,8,4,78,1,0,2,6,4,16,12,2,0,31,133,23,400,0,--
12,2,29,15,1,9,1,4,1,3,4,68,0,2,0,3,2,13,11,4,2,31,3,14,234,0,--
15,3,27,17,0,0,0,4,1,0,3,68,0,0,6,7,5,13,16,9,0,25,0,26,245,0,--
17,5,37,14,2,2,0,2,0,4,3,58,0,0,0,2,4,12,11,7,0,25,2,31,238,0,--
21,3,32,17,2,2,1,2,0,1,4,61,2,0,4,6,4,8,7,6,0,16,1,20,220,3,--
20,2,40,12,0,2,1,3,0,1,5,64,0,0,4,1,2,16,10,4,0,21,1,28,237,0,--
21,4,28,12,1,3,0,2,1,3,2,72,5,1,3,2,3,5,10,2,1,21,0,27,229,0,--
20,5,29,15,0,2,0,3,0,2,3,62,0,1,4,2,5,20,9,1,0,29,1,15,228,0,--
19,1,23,12,1,4,0,3,0,4,1,81,0,1,3,0,5,10,5,1,0,24,0,19,217,0,--
12,1,21,14,0,4,0,2,3,1,5,98,0,2,2,2,1,8,6,0,1,23,1,11,218,0,--
7,0,15,11,0,4,2,2,0,6,2,124,3,2,2,1,0,14,1,0,1,19,0,11,227,0,--
8,0,15,8,0,3,1,1,0,2,7,125,1,0,4,4,3,13,0,2,0,19,0,18,234,0,--
2,0,15,2,1,1,0,0,1,4,2,109,0,1,3,3,1,5,6,2,0,10,0,10,178,0,--
18,0,16,9,0,5,0,3,2,2,3,85,0,1,0,2,3,6,6,2,0,13,0,0,176,12,--
5,2,3,4,--,--,--,--,--,2,1,66,--,--,1,1,1,3,2,--,--,9,0,10,110,0,--
10,1,6,3,1,1,0,0,0,0,1,42,1,0,0,1,1,2,2,0,0,6,1,8,87,0,--
17,5,41,18,1,4,0,13,1,3,7,65,3,1,6,6,2,15,11,6,1,23,3,20,272,0,--
17,0,32,16,2,5,0,3,3,3,2,62,0,0,5,4,1,18,10,6,0,27,0,31,247,0,--
8,6,32,16,0,1,0,4,0,2,4,77,1,0,7,4,3,15,13,9,1,25,1,26,255,0,--
21,2,24,15,3,3,1,6,1,7,3,71,1,1,4,3,7,11,10,5,0,34,1,17,251,0,--
20,4,24,11,2,6,1,4,0,0,4,68,0,0,5,2,0,12,15,5,0,26,1,19,229,0,--
9,1,8,3,0,1,0,1,0,1,0,89,1,0,1,0,1,5,2,0,0,11,0,11,145,0,--
7,1,8,4,1,3,1,1,0,1,1,47,0,0,2,1,0,0,2,5,0,10,0,9,104,0,--
7,6,41,11,0,4,0,2,1,1,4,76,0,1,8,3,6,14,11,8,3,43,3,24,277,178,--
13,6,41,23,1,5,1,9,1,6,7,78,1,2,4,5,0,12,12,4,0,29,4,25,289,0,--
8,5,35,31,0,4,0,5,0,4,8,71,4,0,3,6,6,11,16,3,0,34,1,28,283,0,--
11,3,34,20,1,2,0,6,2,5,4,78,1,0,3,6,5,19,8,6,2,27,0,33,276,0,--
11,5,44,22,0,4,0,4,0,2,3,61,1,0,3,0,8,13,13,3,1,38,0,37,273,0,--
6,6,35,21,1,5,0,4,1,2,7,80,2,0,5,4,4,13,11,9,0,34,2,29,281,0,--
10,3,25,11,1,4,1,1,0,0,3,106,1,1,2,7,1,20,12,2,0,43,0,23,277,0,--
13,4,27,19,0,6,0,3,1,4,4,6,1,1,0,4,2,21,13,3,0,37,1,37,207,0,--
16,4,35,20,0,5,0,4,2,7,2,70,1,0,8,3,6,20,18,2,0,32,1,23,279,0,--
16,5,34,15,0,4,0,8,0,2,4,86,1,1,4,8,3,18,12,0,1,37,0,24,283,0,--
10,3,39,22,1,3,0,9,3,1,5,80,2,0,3,7,5,18,10,3,0,27,2,23,276,0,--
13,4,35,20,1,4,3,6,0,2,6,76,0,1,4,4,4,20,11,8,1,26,0,23,272,0,--
6,8,35,22,0,9,0,5,1,8,5,73,1,0,5,6,4,15,15,8,1,37,1,25,290,0,--
7,7,37,19,0,2,0,4,0,4,4,93,1,2,7,2,16,4,16,5,0,25,1,29,285,0,--
10,6,37,16,0,3,1,4,1,2,5,81,0,0,6,2,6,12,11,4,0,31,1,25,264,0,--
11,4,28,18,1,2,0,6,1,6,2,75,0,1,1,4,3,17,13,5,0,26,2,24,250,0,--
14,3,26,21,0,4,1,3,1,4,5,78,2,2,3,3,4,12,16,8,0,27,1,19,257,0,--
10,6,38,17,0,2,0,5,0,2,3,68,1,0,6,3,1,16,11,4,1,43,0,16,253,0,--
8,4,18,15,0,3,0,7,0,4,4,97,1,3,4,2,5,11,9,2,0,35,1,25,258,0,--
8,3,15,13,0,1,1,0,0,2,6,157,0,2,3,6,0,17,4,6,0,28,0,13,285,0,--
6,2,12,13,0,7,0,3,1,3,3,126,1,0,0,3,6,10,12,1,0,22,0,16,247,0,--
10,3,16,12,0,2,0,4,0,3,2,115,0,1,0,3,2,11,9,2,0,18,1,11,225,--,--
12,5,26,12,3,6,0,7,0,1,5,60,1,2,2,1,6,12,18,3,0,34,0,36,252,0,--
10,8,23,13,0,1,0,4,0,2,1,65,0,0,4,5,3,13,17,6,1,34,1,37,248,149,--
17,4,23,24,0,2,0,5,1,4,5,79,2,1,3,6,4,12,9,7,0,29,0,34,271,124,--
9,3,35,12,1,4,0,5,1,6,6,77,1,1,13,0,2,9,21,11,1,31,0,32,281,0,--
12,1,30,12,0,5,0,5,0,1,6,68,1,2,1,8,5,22,13,8,1,29,1,24,255,0,--
17,3,24,13,1,2,0,4,0,2,2,82,0,1,9,4,1,15,17,7,0,29,1,27,261,0,--
12,3,40,22,0,1,1,3,0,3,4,57,1,1,4,4,4,7,18,4,0,29,1,47,266,0,--
15,3,27,16,2,5,0,4,2,5,3,81,1,0,8,6,4,16,16,5,0,27,0,25,271,0,--
12,2,28,13,1,6,--,6,1,5,10,81,--,--,3,7,1,17,8,10,--,39,--,26,276,--,--
8,4,33,26,0,5,0,3,1,4,6,74,1,1,4,3,5,12,12,10,0,33,2,27,274,0,--
,,,,,,,,,,,,,,,,,,,,,,,,,,
19,2,30,15,2,4,0,4,0,5,4,76,3,1,5,7,3,7,17,3,0,34,0,30,271,0,--
17,1,35,10,1,4,3,4,1,5,6,56,0,1,6,7,4,10,23,5,0,30,2,29,260,0,--
15,7,26,11,1,3,0,2,0,8,1,80,0,0,3,2,3,7,16,6,0,27,2,31,251,0,--
11,0,22,7,1,0,1,6,0,2,2,110,0,0,0,5,4,8,8,3,0,38,3,23,254,146,--
11,4,19,8,0,2,0,3,0,3,2,156,1,0,1,3,0,9,11,1,0,32,1,13,280,0,--
8,2,8,2,0,3,0,1,0,0,1,56,0,0,0,0,1,2,10,0,0,11,0,9,114,0,--
2,1,9,7,0,2,0,0,1,1,4,57,0,0,0,1,0,6,7,2,0,12,0,12,124,0,--
22,3,36,18,1,6,--,5,--,2,11,70,1,--,7,14,5,7,13,5,--,17,--,30,273,--,--
33,4,30,13,3,4,0,11,2,6,5,54,0,1,4,8,7,6,20,1,0,19,1,40,272,1,--
20,5,38,13,1,6,0,4,0,3,4,64,0,0,8,7,5,13,25,6,1,24,2,23,272,0,--
28,5,36,15,0,3,0,10,1,2,4,67,1,0,6,11,4,8,15,7,1,15,2,37,278,0,--
27,7,35,12,3,6,1,6,0,4,6,63,0,2,4,4,7,11,13,6,1,24,0,27,269,0,--
15,7,32,13,2,9,0,6,0,2,14,70,0,0,7,9,11,15,8,5,--,25,1,41,292,0,--
21,2,21,15,0,16,1,9,0,5,8,60,0,2,6,7,7,14,15,5,0,27,0,30,271,0,--
24,3,31,16,0,8,1,4,1,2,10,65,2,2,4,8,6,12,17,7,1,29,2,30,285,0,--
22,3,27,19,2,8,1,7,0,4,7,54,0,2,5,13,3,14,11,8,2,28,1,30,271,0,--
11,3,15,6,0,3,0,1,1,1,3,102,2,0,2,5,2,14,13,2,0,42,0,19,247,0,--
19,4,26,14,2,6,0,2,0,6,5,62,1,1,11,7,5,7,9,5,0,24,2,18,236,0,--
31,3,25,22,0,6,0,7,1,2,9,61,0,0,7,3,3,7,12,4,0,25,0,37,265,0,--
23,8,26,15,0,5,0,1,1,1,4,57,2,1,6,3,5,9,22,4,0,31,2,24,250,0,--
18,5,26,21,0,3,1,5,0,3,8,66,3,1,4,10,4,9,12,5,0,35,0,18,257,0,--
17,3,23,14,0,3,0,8,1,4,5,55,0,1,4,7,7,6,19,5,0,25,1,55,263,0,--
24,4,28,19,0,7,0,4,0,2,5,73,1,1,1,7,3,6,17,3,1,28,2,28,264,0,--
23,4,29,16,0,2,0,6,4,3,4,74,1,0,7,4,2,18,16,2,1,31,--,48,295,--,--
28,4,24,18,0,4,1,6,0,3,3,74,2,1,3,12,5,10,22,4,0,26,1,25,276,0,--
35,4,29,16,0,8,1,8,0,4,3,65,0,1,2,7,6,8,15,8,0,27,0,30,277,123,--
26,5,29,20,3,5,1,4,2,2,5,62,0,1,6,5,10,8,13,2,0,25,1,28,263,0,--
19,5,26,10,1,3,4,8,0,4,9,65,3,0,8,2,5,11,20,6,0,20,3,29,261,141,--
22,5,28,16,0,1,0,6,0,3,8,66,0,4,10,5,3,8,18,3,0,23,2,40,271,129,--
30,5,31,10,0,4,0,3,0,1,5,72,1,2,2,7,7,7,16,5,0,27,2,30,267,0,--
19,1,18,10,0,4,0,4,3,1,4,65,1,0,4,6,3,9,16,6,1,25,0,40,240,0,--
19,4,27,13,2,3,0,8,2,1,4,64,1,1,5,5,5,10,16,5,1,25,2,22,245,1,1
32,2,20,12,0,5,1,3,2,2,2,52,3,0,2,9,2,8,14,5,0,24,0,25,225,0,--
27,4,25,18,1,5,0,3,0,3,8,79,3,0,1,2,6,10,12,4,2,14,0,26,253,1,--
23,6,18,7,0,7,0,3,1,5,4,89,1,0,6,3,2,7,8,2,--,24,0,25,241,--,0
14,3,20,13,0,4,0,0,0,1,3,137,1,0,1,6,4,8,12,3,1,28,0,15,274,0,--
14,1,15,9,3,3,0,3,0,2,3,140,0,1,0,5,5,17,7,1,1,22,0,19,271,3,--
15,2,19,9,1,7,0,5,0,3,5,96,1,0,2,6,6,6,15,2,0,19,0,19,238,0,--
7,0,10,6,0,3,0,3,2,1,3,75,1,0,3,2,2,10,5,2,0,8,123,15,281,0,--
7,0,13,4,0,2,1,1,0,0,4,58,0,0,1,0,1,5,8,3,0,8,1,7,124,0,--
